[
   {"name":"kousalya","course":"java","exp":10,"fees":2000,"period":"8:00AM-11:00AM","status":"40%","ststusr":"60%","comp":"no"},
   {"name":"isha","course":".net","exp":11,"fees":2560,"period":"9:00AM-12:00PM","status":"100%","ststusr":"0%","comp":"yes"},
   {"name":"geetha","course":"angular","exp":5,"fees":3000,"period":"10:00AM-1:00PM","status":"100%","ststusr":"0%","comp":"yes"},
   {"name":"saroja","course":"bootstrap","exp":8,"fees":6000,"period":"12:00PM-4:00PM","status":"25%","ststusr":"75%","comp":"no"},
   {"name":"om","course":"angular","exp":6,"fees":4000,"period":"1:00PM-4:00PM","status":"50%","ststusr":"50%","comp":"no"},
   {"name":"revathi","course":"java","exp":4,"fees":6400,"period":"5:00PM-7:00PM","status":"100%","ststusr":"0%","comp":"yes"},
   {"name":"kavitha","course":"bootstrap","exp":5,"fees":2500,"period":"12:00PM-5:00PM","status":"40%","ststusr":"60%","comp":"no"},
   {"name":"dhashini","course":".net","exp":3,"fees":2600,"period":"11:00AM-3:00PM","status":"75%","ststusr":"25%","comp":"no"}
]