[
   {"course":"java","mentor":"Kousalya Ramesh","fees":2500,"receipt":657349,"paytype":"Net Banking","status":"75%"},
   {"course":".net","mentor":"Revathi Raja","fees":5650,"receipt":345437,"paytype":"Debit Card","status":"50%"},
   {"course":"angular","mentor":"Isha Shiva","fees":6000,"receipt":767866,"paytype":"Credit Card","status":"100%"},
   {"course":"bootstrap","mentor":"Geetha Dharani","fees":4500,"receipt":688746,"paytype":"Wallet","status":"100%"},
   {"course":"angular","mentor":"Priya Ganapathi","fees":6000,"receipt":456865,"paytype":"Debit Card","status":"25%"},
   {"course":"java","mentor":"kavitha shankar","fees":3900,"receipt":124422,"paytype":"Wallet","status":"50%"},
   {"course":".net","mentor":"abirami selvam","fees":4000,"receipt":254558,"paytype":"Net Banking","status":"25%"},
   {"course":"bootstrap","mentor":"vanisri guru","fees":5490,"receipt":547885,"paytype":"Credit Card","status":"75%"}
]